-- INSERT CLIENT Values
INSERT INTO CLIENT VALUES ('10001','Chia Kay Kay', STR_TO_DATE('17-06-1970', '%d-%m-%Y'), '90001');
INSERT INTO CLIENT VALUES ('10002','Richard Teng', STR_TO_DATE('27-10-1960', '%d-%m-%Y'), '90001');
INSERT INTO CLIENT VALUES ('10003','Josephine Teo', STR_TO_DATE('30-01-1965', '%d-%m-%Y'), '90002');
INSERT INTO CLIENT VALUES ('10004','Peng Da Hiang', STR_TO_DATE('02-06-1968', '%d-%m-%Y'), '90002');
INSERT INTO CLIENT VALUES ('10005','Seng Chin Chay', STR_TO_DATE('17-06-1950', '%d-%m-%Y'), '90003');
INSERT INTO CLIENT VALUES ('10006','Joshua Chua', STR_TO_DATE('10-09-1975', '%d-%m-%Y'), '90003');
INSERT INTO CLIENT VALUES ('10007','Mohamad Ali', STR_TO_DATE('11-05-1980', '%d-%m-%Y'), '90003');
INSERT INTO CLIENT VALUES ('10008','Alice Cheng', STR_TO_DATE('03-11-1955', '%d-%m-%Y'), '90004');
INSERT INTO CLIENT VALUES ('10009','Teo Peng How', STR_TO_DATE('13-12-1966', '%d-%m-%Y'), '90005');
INSERT INTO CLIENT VALUES ('10010','Chan Ting Ting', STR_TO_DATE('15-01-1960', '%d-%m-%Y'), '90005');
INSERT INTO CLIENT VALUES ('10011','Aisyah', STR_TO_DATE('15-01-1990', '%d-%m-%Y'), '90006');
INSERT INTO CLIENT VALUES ('10012','Anika', STR_TO_DATE('15-01-1991', '%d-%m-%Y'), '90006');

-- INSERT OUTCLIENT VALUES
INSERT INTO OUTCLIENT VALUES ('10001','101');
INSERT INTO OUTCLIENT VALUES ('10002','102');
INSERT INTO OUTCLIENT VALUES ('10003', '');
INSERT INTO OUTCLIENT VALUES ('10004','104');
INSERT INTO OUTCLIENT VALUES ('10005', '');
INSERT INTO OUTCLIENT VALUES ('10006','106');
INSERT INTO OUTCLIENT VALUES ('10007','107');
INSERT INTO OUTCLIENT VALUES ('10008','108');
INSERT INTO OUTCLIENT VALUES ('10009','108');

-- INSERT INCLIENT VALUES
INSERT INTO INCLIENT VALUES ('10001','201','301');
INSERT INTO INCLIENT VALUES ('10009','201','302');
INSERT INTO INCLIENT VALUES ('10010','201','303');
INSERT INTO INCLIENT VALUES ('10002','202','307');
INSERT INTO INCLIENT VALUES ('10003','202','308');
INSERT INTO INCLIENT VALUES ('10011','202','308');
INSERT INTO INCLIENT VALUES ('10012','203','309');

-- INSERT PHYSICIAN VALUES
INSERT INTO PHYSICIAN VALUES ('90001', 'Robert Tay', 'Cardiology', 30);
INSERT INTO PHYSICIAN VALUES ('90002', 'Christopher Teo', 'Gastroenterology', 20);
INSERT INTO PHYSICIAN VALUES ('90003', 'Christina Chua', 'Neurology', 25);
INSERT INTO PHYSICIAN VALUES ('90004', 'William Chan', 'Cardiology', 15);
INSERT INTO PHYSICIAN VALUES ('90005', 'Tan Peng Peng', 'Neurology', 18);
INSERT INTO PHYSICIAN VALUES ('90006', 'Chandra', 'Neurology', 18);

-- INSERT DRUG VALUES
INSERT INTO DRUG VALUES ('Ace inhibitors', 14.80);
INSERT INTO DRUG VALUES ('Aspirin', 9.00);
INSERT INTO DRUG VALUES ('Beta-blockers', 13.65);
INSERT INTO DRUG VALUES ('Comtan', 258.00);
INSERT INTO DRUG VALUES ('Radicava', 1000.00);
INSERT INTO DRUG VALUES ('Cyramza', 1020.00);
INSERT INTO DRUG VALUES ('Apriso', 643.68);
INSERT INTO DRUG VALUES ('Amitiza', 350.00);


-- INSERT PRESCRIPTION
INSERT INTO PRESCRIPTION VALUES ('10001', '90001', 'Ace inhibitors', STR_TO_DATE('01-03-2018', '%d-%m-%Y'), 3.00);
INSERT INTO PRESCRIPTION VALUES ('10002', '90001', 'Ace inhibitors', STR_TO_DATE('03-03-2018', '%d-%m-%Y'), 3.00);
INSERT INTO PRESCRIPTION VALUES ('10003', '90002', 'Apriso', STR_TO_DATE('02-03-2018', '%d-%m-%Y'), 2.00);
INSERT INTO PRESCRIPTION VALUES ('10004', '90002', 'Comtan', STR_TO_DATE('25-02-2018', '%d-%m-%Y'), 3.00);
INSERT INTO PRESCRIPTION VALUES ('10005', '90003', 'Comtan', STR_TO_DATE('01-02-2018', '%d-%m-%Y'), 6.00);
INSERT INTO PRESCRIPTION VALUES ('10006', '90003', 'Comtan', STR_TO_DATE('02-02-2018', '%d-%m-%Y'), 10.00);
INSERT INTO PRESCRIPTION VALUES ('10007', '90003', 'Radicava', STR_TO_DATE('03-03-2018', '%d-%m-%Y'), 3.00);
INSERT INTO PRESCRIPTION VALUES ('10008', '90004', 'Aspirin', STR_TO_DATE('04-03-2018', '%d-%m-%Y'), 2.00);
INSERT INTO PRESCRIPTION VALUES ('10009', '90005', 'Radicava', STR_TO_DATE('15-03-2018', '%d-%m-%Y'), 1.00);
INSERT INTO PRESCRIPTION VALUES ('10010', '90005', 'Radicava', STR_TO_DATE('20-03-2018', '%d-%m-%Y'), 1.00);
